pid,content_model,collection_pid,page_of,sequence,constituent_of
imagined:209009,islandora:sp_large_image_cmodel,imagined:collection,,,
imagined:208548,islandora:sp_large_image_cmodel,imagined:collection,,,
imagined:208838,islandora:sp_large_image_cmodel,imagined:cummins,,,
imagined:209179,islandora:sp_large_image_cmodel,imagined:collection,,,
imagined:209217,islandora:sp_large_image_cmodel,imagined:collection,,,
imagined:209225,islandora:sp_large_image_cmodel,imagined:collection,,,
imagined:208663,islandora:sp_large_image_cmodel,imagined:4458_collection,,,
imagined:208895,islandora:sp_large_image_cmodel,imagined:collection,,,
imagined:209141,islandora:sp_large_image_cmodel,imagined:collection,,,
imagined:208371,islandora:sp_basic_image,,,,
imagined:208719,islandora:sp_large_image_cmodel,imagined:roebros,,,
imagined:208873,islandora:sp_large_image_cmodel,imagined:collection,,,
imagined:208897,islandora:sp_large_image_cmodel,imagined:collection,,,
imagined:209126,islandora:sp_large_image_cmodel,imagined:collection,,,
imagined:208477,islandora:sp_large_image_cmodel,imagined:collection,,,
imagined:209090,islandora:sp_large_image_cmodel,imagined:collection,,,
imagined:209222,islandora:sp_large_image_cmodel,imagined:collection,,,
imagined:208295-p_040,islandora:pageCModel,imagined:208295,imagined:208295,46,
imagined:208687,islandora:sp_large_image_cmodel,imagined:collection,,,
imagined:208697,islandora:sp_large_image_cmodel,imagined:collection,,,
imagined:209419,islandora:sp_large_image_cmodel,imagined:cummins,,,
imagined:208981,islandora:sp_large_image_cmodel,imagined:meachams,,,
imagined:209136,islandora:sp_large_image_cmodel,imagined:collection,,,
imagined:208841,islandora:sp_large_image_cmodel,imagined:cummins,,,
imagined:209026,islandora:sp_large_image_cmodel,imagined:collection,,,
imagined:208414,islandora:sp_large_image_cmodel,imagined:meachams,,,
imagined:208818,islandora:sp_large_image_cmodel,imagined:cummins,,,
imagined:208824,islandora:sp_large_image_cmodel,imagined:cummins,,,
imagined:208295-p_006,islandora:pageCModel,imagined:208295,imagined:208295,12,
imagined:209201,islandora:sp_large_image_cmodel,imagined:collection,,,
imagined:209127,islandora:sp_large_image_cmodel,imagined:collection,,,
imagined:208295-p_080,islandora:pageCModel,imagined:208295,imagined:208295,86,
imagined:208296-p_014,islandora:pageCModel,imagined:208296,imagined:208296,20,
imagined:208296-p_067,islandora:pageCModel,imagined:208296,imagined:208296,73,
imagined:208572,islandora:sp_large_image_cmodel,imagined:collection,,,
imagined:208295-p_089,islandora:pageCModel,imagined:208295,imagined:208295,95,
imagined:209072,islandora:sp_basic_image,,,,
imagined:208326,islandora:sp_large_image_cmodel,imagined:collection,,,
imagined:209318,islandora:sp_pdf,imagined:pdfs,,,
imagined:208365,islandora:sp_large_image_cmodel,imagined:collection,,,
imagined:208515,islandora:sp_large_image_cmodel,imagined:collection,,,
imagined:209087,islandora:sp_large_image_cmodel,imagined:collection,,,
imagined:site-content,islandora:collectionCModel,imagined:collection,,,
imagined:cummins,islandora:collectionCModel,imagined:collection,,,
imagined:208295-p_017,islandora:pageCModel,imagined:208295,imagined:208295,23,
imagined:208296-p_059,islandora:pageCModel,imagined:208296,imagined:208296,65,
imagined:209128,islandora:sp_large_image_cmodel,imagined:collection,,,
imagined:208325,islandora:sp_large_image_cmodel,imagined:collection,,,
imagined:208784,islandora:sp_large_image_cmodel,imagined:cummins,,,
imagined:209413,islandora:sp_large_image_cmodel,imagined:cummins,,,
imagined:208471,islandora:sp_large_image_cmodel,imagined:collection,,,
imagined:208629,islandora:sp_large_image_cmodel,imagined:4458_collection,,,
imagined:209408,islandora:sp_large_image_cmodel,imagined:cummins,,,
imagined:209402,islandora:sp_large_image_cmodel,imagined:cummins,,,
imagined:208439,islandora:sp_large_image_cmodel,imagined:meachams,,,
imagined:209393,islandora:sp_large_image_cmodel,imagined:cummins,,,
imagined:209234,islandora:sp_large_image_cmodel,imagined:collection,,,
imagined:208735,islandora:sp_large_image_cmodel,imagined:roebros,,,
imagined:209361,islandora:sp_large_image_cmodel,imagined:cummins,,,
imagined:209197,islandora:sp_large_image_cmodel,imagined:collection,,,
imagined:208445,islandora:sp_large_image_cmodel,imagined:meachams,,,
imagined:208659,islandora:sp_large_image_cmodel,imagined:4458_collection,,,
imagined:208296-f_002,islandora:pageCModel,imagined:208296,imagined:208296,3,
imagined:208761,islandora:sp_large_image_cmodel,imagined:cummins,,,
imagined:208914,islandora:sp_large_image_cmodel,imagined:collection,,,
imagined:209130,islandora:sp_large_image_cmodel,imagined:collection,,,
imagined:209170,islandora:sp_large_image_cmodel,imagined:collection,,,
imagined:209095,islandora:sp_large_image_cmodel,imagined:collection,,,
imagined:208295-p_066,islandora:pageCModel,imagined:208295,imagined:208295,72,
imagined:208779,islandora:sp_basic_image,,,,
imagined:208746,islandora:sp_large_image_cmodel,imagined:roebros,,,
imagined:208920,islandora:sp_large_image_cmodel,imagined:collection,,,
imagined:209051,islandora:sp_large_image_cmodel,imagined:collection,,,
imagined:208874,islandora:sp_large_image_cmodel,imagined:collection,,,
imagined:208552,islandora:sp_large_image_cmodel,imagined:collection,,,
imagined:208777,islandora:sp_large_image_cmodel,imagined:cummins,,,
imagined:208296-p_046,islandora:pageCModel,imagined:208296,imagined:208296,52,
imagined:208757,islandora:sp_large_image_cmodel,imagined:cummins,,,
imagined:209380,islandora:sp_large_image_cmodel,imagined:cummins,,,
imagined:208295-p_018,islandora:pageCModel,imagined:208295,imagined:208295,24,
imagined:208358,islandora:sp_large_image_cmodel,imagined:collection,,,
imagined:208296-p_095,islandora:pageCModel,imagined:208296,imagined:208296,101,
imagined:208651,islandora:sp_basic_image,,,,
imagined:208971,islandora:sp_large_image_cmodel,imagined:meachams,,,
imagined:208627,islandora:sp_large_image_cmodel,imagined:4458_collection,,,
imagined:208630,islandora:sp_large_image_cmodel,imagined:4458_collection,,,
imagined:208444,islandora:sp_large_image_cmodel,imagined:meachams,,,
imagined:208817,islandora:sp_large_image_cmodel,imagined:cummins,,,
imagined:209092,islandora:sp_large_image_cmodel,imagined:collection,,,
imagined:209142,islandora:sp_large_image_cmodel,imagined:collection,,,
imagined:208958,islandora:sp_large_image_cmodel,imagined:meachams,,,
imagined:208296-f_000,islandora:pageCModel,imagined:208296,imagined:208296,1,
imagined:209394,islandora:sp_large_image_cmodel,imagined:cummins,,,
imagined:208729,islandora:sp_large_image_cmodel,imagined:roebros,,,
imagined:paro-0450,islandora:sp_large_image_cmodel,imagined:collection,,,
imagined:208988,islandora:sp_large_image_cmodel,imagined:meachams,,,
imagined:208564,islandora:sp_large_image_cmodel,imagined:collection,,,
imagined:208314,islandora:sp_large_image_cmodel,imagined:collection,,,
imagined:209303,islandora:sp_pdf,imagined:pdfs,,,
imagined:208609,islandora:sp_large_image_cmodel,imagined:4458_collection,,,
imagined:208566,islandora:sp_large_image_cmodel,imagined:collection,,,
imagined:209139,islandora:sp_large_image_cmodel,imagined:collection,,,
imagined:208417,islandora:sp_large_image_cmodel,imagined:meachams,,,
imagined:209012,islandora:sp_large_image_cmodel,imagined:collection,,,
imagined:209140,islandora:sp_large_image_cmodel,imagined:collection,,,
imagined:208760,islandora:sp_large_image_cmodel,imagined:cummins,,,
imagined:208295-p_081,islandora:pageCModel,imagined:208295,imagined:208295,87,
imagined:208886,islandora:sp_large_image_cmodel,imagined:collection,,,
imagined:208295-p_067,islandora:pageCModel,imagined:208295,imagined:208295,73,
imagined:209193,islandora:sp_large_image_cmodel,imagined:collection,,,
imagined:209129,islandora:sp_large_image_cmodel,imagined:collection,,,
imagined:208296-z_001,islandora:pageCModel,imagined:208296,imagined:208296,102,
imagined:209054,islandora:sp_large_image_cmodel,imagined:collection,,,
imagined:208973,islandora:sp_large_image_cmodel,imagined:meachams,,,
imagined:208931,islandora:sp_large_image_cmodel,imagined:collection,,,
imagined:209149,islandora:sp_large_image_cmodel,imagined:collection,,,
imagined:208698,islandora:sp_large_image_cmodel,imagined:collection,,,
imagined:209206,islandora:sp_large_image_cmodel,imagined:collection,,,
imagined:208732,islandora:sp_large_image_cmodel,imagined:roebros,,,
imagined:209210,islandora:sp_large_image_cmodel,imagined:collection,,,
imagined:208949,islandora:sp_large_image_cmodel,imagined:meachams,,,
imagined:209094,islandora:sp_large_image_cmodel,imagined:collection,,,
imagined:208829,islandora:sp_large_image_cmodel,imagined:cummins,,,
imagined:208296-p_072,islandora:pageCModel,imagined:208296,imagined:208296,78,
imagined:209406,islandora:sp_large_image_cmodel,imagined:cummins,,,
imagined:14,islandora:sp_large_image_cmodel,imagined:collection,,,
imagined:208428,islandora:sp_large_image_cmodel,imagined:meachams,,,
imagined:208856,islandora:sp_large_image_cmodel,imagined:collection,,,
imagined:208711,islandora:sp_large_image_cmodel,imagined:roebros,,,
imagined:209410,islandora:sp_large_image_cmodel,imagined:cummins,,,
imagined:208506,islandora:sp_large_image_cmodel,imagined:collection,,,
imagined:208947,islandora:sp_large_image_cmodel,imagined:meachams,,,
imagined:209014,islandora:sp_large_image_cmodel,imagined:collection,,,
imagined:208634,islandora:sp_large_image_cmodel,imagined:4458_collection,,,
imagined:209182,islandora:sp_large_image_cmodel,imagined:collection,,,
imagined:208843,islandora:sp_large_image_cmodel,imagined:cummins,,,
imagined:208943,islandora:sp_large_image_cmodel,imagined:meachams,,,
imagined:208310,islandora:sp_large_image_cmodel,imagined:collection,,,
imagined:208295-p_035,islandora:pageCModel,imagined:208295,imagined:208295,41,
imagined:208979,islandora:sp_large_image_cmodel,imagined:meachams,,,
imagined:208738,islandora:sp_large_image_cmodel,imagined:roebros,,,
imagined:208800,islandora:sp_large_image_cmodel,imagined:cummins,,,
imagined:209181,islandora:sp_large_image_cmodel,imagined:collection,,,
imagined:208616,islandora:sp_large_image_cmodel,imagined:4458_collection,,,
imagined:209371,islandora:sp_large_image_cmodel,imagined:cummins,,,
imagined:208296-p_085,islandora:pageCModel,imagined:208296,imagined:208296,91,
imagined:209124,islandora:sp_large_image_cmodel,imagined:collection,,,
imagined:209196,islandora:sp_large_image_cmodel,imagined:collection,,,
imagined:209395,islandora:sp_large_image_cmodel,imagined:cummins,,,
imagined:208819,islandora:sp_large_image_cmodel,imagined:cummins,,,
imagined:208500,islandora:sp_large_image_cmodel,imagined:collection,,,
imagined:208295-p_053,islandora:pageCModel,imagined:208295,imagined:208295,59,
imagined:208661,islandora:sp_large_image_cmodel,imagined:4458_collection,,,
imagined:208806,islandora:sp_large_image_cmodel,imagined:cummins,,,
imagined:208569,islandora:sp_large_image_cmodel,imagined:collection,,,
imagined:208938,islandora:sp_large_image_cmodel,imagined:meachams,,,
imagined:208296-p_032,islandora:pageCModel,imagined:208296,imagined:208296,38,
imagined:208639,islandora:sp_large_image_cmodel,imagined:4458_collection,,,
imagined:208296-f_005,islandora:pageCModel,imagined:208296,imagined:208296,6,
imagined:208295-p_051,islandora:pageCModel,imagined:208295,imagined:208295,57,
imagined:208482,islandora:sp_large_image_cmodel,imagined:collection,,,
imagined:209207,islandora:sp_large_image_cmodel,imagined:collection,,,
imagined:209396,islandora:sp_large_image_cmodel,imagined:cummins,,,
imagined:208296-p_028,islandora:pageCModel,imagined:208296,imagined:208296,34,
imagined:208296-p_086,islandora:pageCModel,imagined:208296,imagined:208296,92,
imagined:208880,islandora:sp_large_image_cmodel,imagined:collection,,,
imagined:24,islandora:sp_large_image_cmodel,imagined:collection,,,
imagined:208851,islandora:sp_large_image_cmodel,imagined:collection,,,
imagined:208296-p_047,islandora:pageCModel,imagined:208296,imagined:208296,53,
imagined:209312,islandora:sp_basic_image,imagined:site-content,,,
imagined:208901,islandora:sp_large_image_cmodel,imagined:collection,,,
imagined:208295-p_065,islandora:pageCModel,imagined:208295,imagined:208295,71,
imagined:208937,islandora:sp_large_image_cmodel,imagined:meachams,,,
imagined:209227,islandora:sp_large_image_cmodel,imagined:collection,,,
imagined:208296-p_025,islandora:pageCModel,imagined:208296,imagined:208296,31,
imagined:208573,islandora:sp_large_image_cmodel,imagined:collection,,,
imagined:209388,islandora:sp_large_image_cmodel,imagined:cummins,,,
imagined:209190,islandora:sp_large_image_cmodel,imagined:collection,,,
imagined:208625,islandora:sp_large_image_cmodel,imagined:4458_collection,,,
imagined:209172,islandora:sp_large_image_cmodel,imagined:collection,,,
imagined:209100,islandora:sp_large_image_cmodel,imagined:collection,,,
imagined:208473,islandora:sp_large_image_cmodel,imagined:collection,,,
imagined:208725,islandora:sp_large_image_cmodel,imagined:roebros,,,
imagined:208976,islandora:sp_large_image_cmodel,imagined:meachams,,,
imagined:208888,islandora:sp_basic_image,,,,
imagined:208881,islandora:sp_large_image_cmodel,imagined:collection,,,
imagined:208619,islandora:sp_large_image_cmodel,imagined:4458_collection,,,
imagined:209231,islandora:sp_large_image_cmodel,imagined:collection,,,
imagined:208295-f_003,islandora:pageCModel,imagined:208295,imagined:208295,4,
imagined:208656,islandora:sp_large_image_cmodel,imagined:4458_collection,,,
imagined:208759,islandora:sp_large_image_cmodel,imagined:cummins,,,
imagined:208968,islandora:sp_large_image_cmodel,imagined:meachams,,,
imagined:208518,islandora:sp_large_image_cmodel,imagined:collection,,,
imagined:209387,islandora:sp_large_image_cmodel,imagined:cummins,,,
imagined:208296-p_043,islandora:pageCModel,imagined:208296,imagined:208296,49,
imagined:208349,islandora:sp_large_image_cmodel,imagined:collection,,,
imagined:208295-p_012,islandora:pageCModel,imagined:208295,imagined:208295,18,
imagined:208295-p_091,islandora:pageCModel,imagined:208295,imagined:208295,97,
imagined:208917,islandora:sp_large_image_cmodel,imagined:collection,,,
imagined:209403,islandora:sp_large_image_cmodel,imagined:cummins,,,
imagined:208941,islandora:sp_large_image_cmodel,imagined:meachams,,,
imagined:208710,islandora:sp_large_image_cmodel,imagined:roebros,,,
imagined:209235,islandora:sp_large_image_cmodel,imagined:collection,,,
imagined:208632,islandora:sp_large_image_cmodel,imagined:4458_collection,,,
imagined:208713,islandora:sp_large_image_cmodel,imagined:roebros,,,
imagined:208296-z_010,islandora:pageCModel,imagined:208296,imagined:208296,111,
imagined:209271,islandora:sp_large_image_cmodel,imagined:collection,,,
imagined:208384,islandora:sp_large_image_cmodel,imagined:meachams,,,
imagined:208308,islandora:sp_large_image_cmodel,imagined:collection,,,
imagined:209029,islandora:sp_large_image_cmodel,imagined:collection,,,
imagined:208664,islandora:sp_large_image_cmodel,imagined:4458_collection,,,
imagined:208827,islandora:sp_large_image_cmodel,imagined:cummins,,,
imagined:208871,islandora:sp_large_image_cmodel,imagined:collection,,,
imagined:209088,islandora:sp_large_image_cmodel,imagined:collection,,,
imagined:208346,islandora:sp_large_image_cmodel,imagined:collection,,,
imagined:208345,islandora:sp_large_image_cmodel,imagined:collection,,,
imagined:209144,islandora:sp_large_image_cmodel,imagined:collection,,,
imagined:209043,islandora:sp_large_image_cmodel,imagined:collection,,,
imagined:208773,islandora:sp_large_image_cmodel,imagined:cummins,,,
imagined:208296-p_036,islandora:pageCModel,imagined:208296,imagined:208296,42,
imagined:209221,islandora:sp_large_image_cmodel,imagined:collection,,,
imagined:209164,islandora:sp_large_image_cmodel,imagined:collection,,,
imagined:208296-p_037,islandora:pageCModel,imagined:208296,imagined:208296,43,
imagined:209059,islandora:sp_basic_image,,,,
imagined:208296-p_006,islandora:pageCModel,imagined:208296,imagined:208296,12,
imagined:208998,islandora:sp_large_image_cmodel,imagined:collection,,,
imagined:208296-p_049,islandora:pageCModel,imagined:208296,imagined:208296,55,
imagined:208380,islandora:sp_large_image_cmodel,imagined:meachams,,,
imagined:208660,islandora:sp_large_image_cmodel,imagined:4458_collection,,,
imagined:208836,islandora:sp_large_image_cmodel,imagined:cummins,,,
imagined:209104,islandora:sp_large_image_cmodel,imagined:collection,,,
imagined:208295-p_092,islandora:pageCModel,imagined:208295,imagined:208295,98,
imagined:208313,islandora:sp_large_image_cmodel,imagined:collection,,,
imagined:208403,islandora:sp_large_image_cmodel,imagined:meachams,,,
imagined:209276,islandora:sp_large_image_cmodel,imagined:collection,,,
imagined:208296-p_009,islandora:pageCModel,imagined:208296,imagined:208296,15,
imagined:208866,islandora:sp_large_image_cmodel,imagined:collection,,,
imagined:208296-p_042,islandora:pageCModel,imagined:208296,imagined:208296,48,
imagined:208987,islandora:sp_large_image_cmodel,imagined:meachams,,,
imagined:23,islandora:sp_large_image_cmodel,imagined:collection,,,
imagined:208638,islandora:sp_large_image_cmodel,imagined:4458_collection,,,
imagined:208296-p_065,islandora:pageCModel,imagined:208296,imagined:208296,71,
imagined:209246,islandora:sp_large_image_cmodel,imagined:collection,,,
imagined:208305,islandora:sp_large_image_cmodel,imagined:collection,,,
imagined:209099,islandora:sp_large_image_cmodel,imagined:collection,,,
imagined:208296-f_001,islandora:pageCModel,imagined:208296,imagined:208296,2,
imagined:209360,islandora:sp_large_image_cmodel,imagined:cummins,,,
imagined:208339,islandora:sp_large_image_cmodel,imagined:collection,,,
imagined:209384,islandora:sp_large_image_cmodel,imagined:cummins,,,
imagined:209297,islandora:sp_large_image_cmodel,imagined:cummins,,,
imagined:209049,islandora:sp_large_image_cmodel,imagined:collection,,,
imagined:208309,islandora:sp_large_image_cmodel,imagined:collection,,,
imagined:208826,islandora:sp_large_image_cmodel,imagined:cummins,,,
imagined:208295-p_030,islandora:pageCModel,imagined:208295,imagined:208295,36,
imagined:208379,islandora:sp_large_image_cmodel,imagined:meachams,,,
imagined:208970,islandora:sp_large_image_cmodel,imagined:meachams,,,
imagined:209055,islandora:sp_large_image_cmodel,imagined:collection,,,
imagined:208462,islandora:sp_large_image_cmodel,imagined:collection,,,
imagined:208613,islandora:sp_large_image_cmodel,imagined:4458_collection,,,
imagined:208969,islandora:sp_large_image_cmodel,imagined:meachams,,,
imagined:208295-p_034,islandora:pageCModel,imagined:208295,imagined:208295,40,
imagined:208650,islandora:sp_basic_image,,,,
imagined:208543,islandora:sp_large_image_cmodel,imagined:collection,,,
imagined:208720,islandora:sp_large_image_cmodel,imagined:roebros,,,
imagined:209216,islandora:sp_large_image_cmodel,imagined:collection,,,
imagined:208296-p_069,islandora:pageCModel,imagined:208296,imagined:208296,75,
imagined:208706,islandora:sp_large_image_cmodel,imagined:collection,,,
imagined:208975,islandora:sp_large_image_cmodel,imagined:meachams,,,
imagined:208465,islandora:sp_large_image_cmodel,imagined:collection,,,
imagined:208722,islandora:sp_large_image_cmodel,imagined:roebros,,,
imagined:209236,islandora:sp_large_image_cmodel,imagined:collection,,,
imagined:208295-p_024,islandora:pageCModel,imagined:208295,imagined:208295,30,
imagined:208783,islandora:sp_large_image_cmodel,imagined:cummins,,,
imagined:209262,islandora:sp_large_image_cmodel,imagined:collection,,,
imagined:208350,islandora:sp_large_image_cmodel,imagined:collection,,,
imagined:208386,islandora:sp_large_image_cmodel,imagined:meachams,,,
imagined:208497,islandora:sp_large_image_cmodel,imagined:collection,,,
imagined:208859,islandora:sp_large_image_cmodel,imagined:collection,,,
imagined:208295-p_027,islandora:pageCModel,imagined:208295,imagined:208295,33,
imagined:209214,islandora:sp_large_image_cmodel,imagined:collection,,,
imagined:208995,islandora:sp_large_image_cmodel,imagined:collection,,,
imagined:208296-p_005,islandora:pageCModel,imagined:208296,imagined:208296,11,
imagined:208296-p_039,islandora:pageCModel,imagined:208296,imagined:208296,45,
imagined:208531,islandora:sp_large_image_cmodel,imagined:collection,,,
imagined:208742,islandora:sp_large_image_cmodel,imagined:roebros,,,
imagined:map44,islandora:sp_large_image_cmodel,imagined:collection,,,
imagined:209424,islandora:sp_large_image_cmodel,imagined:cummins,,,
imagined:208423,islandora:sp_basic_image,,,,
imagined:209076,islandora:sp_large_image_cmodel,imagined:collection,,,
imagined:208904,islandora:sp_large_image_cmodel,imagined:collection,,,
imagined:209279,islandora:sp_large_image_cmodel,imagined:collection,,,
imagined:208810,islandora:sp_large_image_cmodel,imagined:cummins,,,
imagined:208408,islandora:sp_basic_image,,,,
imagined:208295-f_004,islandora:pageCModel,imagined:208295,imagined:208295,5,
imagined:208887,islandora:sp_large_image_cmodel,imagined:collection,,,
imagined:208296-p_020,islandora:pageCModel,imagined:208296,imagined:208296,26,
imagined:209175,islandora:sp_large_image_cmodel,imagined:collection,,,
imagined:209157,islandora:sp_large_image_cmodel,imagined:collection,,,
imagined:208587,islandora:sp_basic_image,,,,
imagined:208614,islandora:sp_large_image_cmodel,imagined:4458_collection,,,
imagined:208594,islandora:sp_basic_image,,,,
imagined:209069,islandora:sp_large_image_cmodel,imagined:collection,,,
imagined:208723,islandora:sp_large_image_cmodel,imagined:roebros,,,
imagined:208842,islandora:sp_large_image_cmodel,imagined:cummins,,,
imagined:208589,islandora:sp_basic_image,,,,
imagined:209288,islandora:sp_large_image_cmodel,imagined:collection,,,
imagined:208898,islandora:sp_large_image_cmodel,imagined:collection,,,
imagined:208965,islandora:sp_large_image_cmodel,imagined:meachams,,,
imagined:208556,islandora:sp_large_image_cmodel,imagined:collection,,,
imagined:208946,islandora:sp_large_image_cmodel,imagined:meachams,,,
imagined:209023,islandora:mapCModel,imagined:collection,,,
imagined:208620,islandora:sp_large_image_cmodel,imagined:4458_collection,,,
imagined:208295-p_071,islandora:pageCModel,imagined:208295,imagined:208295,77,
imagined:208488,islandora:sp_large_image_cmodel,imagined:collection,,,
imagined:208296-p_031,islandora:pageCModel,imagined:208296,imagined:208296,37,
imagined:208674,islandora:sp_large_image_cmodel,imagined:collection,,,
imagined:209183,islandora:sp_large_image_cmodel,imagined:collection,,,
imagined:208591,islandora:sp_basic_image,,,,
imagined:208823,islandora:sp_large_image_cmodel,imagined:cummins,,,
imagined:208467,islandora:sp_large_image_cmodel,imagined:collection,,,
imagined:208576,islandora:sp_large_image_cmodel,imagined:collection,,,
imagined:208401,islandora:sp_large_image_cmodel,imagined:meachams,,,
imagined:208801,islandora:sp_large_image_cmodel,imagined:cummins,,,
imagined:208296-p_002,islandora:pageCModel,imagined:208296,imagined:208296,8,
imagined:208295-p_079,islandora:pageCModel,imagined:208295,imagined:208295,85,
imagined:209137,islandora:sp_large_image_cmodel,imagined:collection,,,
imagined:209304,islandora:sp_pdf,imagined:pdfs,,,
imagined:208490,islandora:sp_large_image_cmodel,imagined:collection,,,
imagined:208822,islandora:sp_large_image_cmodel,imagined:cummins,,,
imagined:209133,islandora:sp_large_image_cmodel,imagined:collection,,,
imagined:208295-p_011,islandora:pageCModel,imagined:208295,imagined:208295,17,
imagined:208318,islandora:sp_large_image_cmodel,imagined:collection,,,
imagined:208295-p_050,islandora:pageCModel,imagined:208295,imagined:208295,56,
imagined:208646,islandora:sp_large_image_cmodel,imagined:4458_collection,,,
imagined:208532,islandora:sp_large_image_cmodel,imagined:collection,,,
imagined:208775,islandora:sp_large_image_cmodel,imagined:collection,,,
imagined:208905,islandora:sp_large_image_cmodel,imagined:collection,,,
imagined:208296-p_033,islandora:pageCModel,imagined:208296,imagined:208296,39,
imagined:208882,islandora:sp_large_image_cmodel,imagined:collection,,,
imagined:208597,islandora:sp_basic_image,,,,
imagined:208296-p_066,islandora:pageCModel,imagined:208296,imagined:208296,72,
imagined:208341,islandora:sp_large_image_cmodel,imagined:collection,,,
imagined:209068,islandora:sp_large_image_cmodel,imagined:collection,,,
imagined:208299,islandora:sp_basic_image,,,,
imagined:208494,islandora:sp_large_image_cmodel,imagined:collection,,,
imagined:208996,islandora:sp_large_image_cmodel,imagined:collection,,,
imagined:208894,islandora:sp_large_image_cmodel,imagined:collection,,,
imagined:208295-p_009,islandora:pageCModel,imagined:208295,imagined:208295,15,
imagined:208369,islandora:sp_basic_image,,,,
imagined:208295-z_007,islandora:pageCModel,imagined:208295,imagined:208295,106,
imagined:208295-p_013,islandora:pageCModel,imagined:208295,imagined:208295,19,
imagined:209039,islandora:sp_large_image_cmodel,imagined:collection,,,
imagined:208303,islandora:sp_large_image_cmodel,imagined:collection,,,
imagined:208718,islandora:sp_large_image_cmodel,imagined:roebros,,,
imagined:209200,islandora:sp_large_image_cmodel,imagined:collection,,,
imagined:208485,islandora:sp_large_image_cmodel,imagined:collection,,,
imagined:208475,islandora:sp_large_image_cmodel,imagined:collection,,,
imagined:209021,islandora:sp_large_image_cmodel,imagined:collection,,,
imagined:208446,islandora:sp_large_image_cmodel,imagined:meachams,,,
imagined:209060,islandora:sp_large_image_cmodel,imagined:collection,,,
imagined:208808,islandora:sp_large_image_cmodel,imagined:cummins,,,
imagined:208295-p_057,islandora:pageCModel,imagined:208295,imagined:208295,63,
imagined:208952,islandora:sp_large_image_cmodel,imagined:meachams,,,
imagined:209412,islandora:sp_large_image_cmodel,imagined:cummins,,,
imagined:18,islandora:sp_large_image_cmodel,imagined:meachams,,,
imagined:208741,islandora:sp_large_image_cmodel,imagined:roebros,,,
imagined:209103,islandora:sp_large_image_cmodel,imagined:collection,,,
imagined:208700,islandora:sp_large_image_cmodel,imagined:collection,,,
imagined:208295-p_041,islandora:pageCModel,imagined:208295,imagined:208295,47,
imagined:208295-z_001,islandora:pageCModel,imagined:208295,imagined:208295,100,
imagined:208456,islandora:sp_large_image_cmodel,imagined:collection,,,
imagined:209121,islandora:sp_large_image_cmodel,imagined:collection,,,
imagined:208295-f_001,islandora:pageCModel,imagined:208295,imagined:208295,2,
imagined:208553,islandora:sp_large_image_cmodel,imagined:collection,,,
imagined:208583,islandora:sp_basic_image,,,,
imagined:208892,islandora:sp_large_image_cmodel,imagined:collection,,,
imagined:208419,islandora:sp_large_image_cmodel,imagined:meachams,,,
imagined:208831,islandora:sp_large_image_cmodel,imagined:cummins,,,
imagined:209185,islandora:sp_large_image_cmodel,imagined:collection,,,
imagined:208295-p_004,islandora:pageCModel,imagined:208295,imagined:208295,10,
imagined:208296-z_005,islandora:pageCModel,imagined:208296,imagined:208296,106,
imagined:208351,islandora:sp_large_image_cmodel,imagined:collection,,,
imagined:208889,islandora:sp_basic_image,,,,
imagined:208955,islandora:sp_large_image_cmodel,imagined:meachams,,,
imagined:208578,islandora:sp_large_image_cmodel,imagined:collection,,,
imagined:208771,islandora:sp_large_image_cmodel,imagined:cummins,,,
imagined:208295-p_078,islandora:pageCModel,imagined:208295,imagined:208295,84,
imagined:209309,islandora:sp_basic_image,imagined:site-content,,,
imagined:208295-p_033,islandora:pageCModel,imagined:208295,imagined:208295,39,
imagined:208726,islandora:sp_large_image_cmodel,imagined:roebros,,,
imagined:208893,islandora:sp_large_image_cmodel,imagined:collection,,,
imagined:208322,islandora:sp_large_image_cmodel,imagined:collection,,,
imagined:208422,islandora:sp_large_image_cmodel,imagined:meachams,,,
imagined:209243,islandora:sp_large_image_cmodel,imagined:collection,,,
imagined:208483,islandora:sp_large_image_cmodel,imagined:collection,,,
imagined:209381,islandora:sp_large_image_cmodel,imagined:cummins,,,
imagined:208338,islandora:sp_large_image_cmodel,imagined:collection,,,
imagined:208582,islandora:sp_basic_image,,,,
imagined:208559,islandora:sp_large_image_cmodel,imagined:collection,,,
imagined:208434,islandora:sp_basic_image,,,,
imagined:208694,islandora:sp_large_image_cmodel,imagined:collection,,,
imagined:208296-z_011,islandora:pageCModel,imagined:208296,imagined:208296,112,
imagined:208295-f_005,islandora:pageCModel,imagined:208295,imagined:208295,6,
imagined:209218,islandora:sp_large_image_cmodel,imagined:collection,,,
imagined:209372,islandora:sp_large_image_cmodel,imagined:cummins,,,
imagined:209000,islandora:sp_large_image_cmodel,imagined:collection,,,
imagined:209053,islandora:sp_large_image_cmodel,imagined:collection,,,
imagined:208295-p_073,islandora:pageCModel,imagined:208295,imagined:208295,79,
imagined:208296-p_054,islandora:pageCModel,imagined:208296,imagined:208296,60,
imagined:208510,islandora:sp_large_image_cmodel,imagined:collection,,,
imagined:208295-p_021,islandora:pageCModel,imagined:208295,imagined:208295,27,
imagined:208443,islandora:sp_large_image_cmodel,imagined:meachams,,,
imagined:209298,islandora:sp_large_image_cmodel,imagined:cummins,,,
imagined:208745,islandora:sp_large_image_cmodel,imagined:roebros,,,
imagined:208991,islandora:sp_large_image_cmodel,imagined:collection,,,
imagined:209156,islandora:sp_large_image_cmodel,imagined:collection,,,
imagined:209224,islandora:sp_large_image_cmodel,imagined:collection,,,
imagined:209240,islandora:sp_large_image_cmodel,imagined:collection,,,
imagined:208691,islandora:sp_large_image_cmodel,imagined:collection,,,
imagined:209310,islandora:sp_basic_image,imagined:site-content,,,
imagined:208858,islandora:sp_large_image_cmodel,imagined:collection,,,
imagined:208296-p_060,islandora:pageCModel,imagined:208296,imagined:208296,66,
imagined:209151,islandora:sp_large_image_cmodel,imagined:collection,,,
imagined:208296-p_035,islandora:pageCModel,imagined:208296,imagined:208296,41,
imagined:208772,islandora:sp_large_image_cmodel,imagined:cummins,,,
imagined:208449,islandora:sp_large_image_cmodel,imagined:collection,,,
imagined:209010,islandora:sp_large_image_cmodel,imagined:collection,,,
imagined:208295-p_085,islandora:pageCModel,imagined:208295,imagined:208295,91,
imagined:208929,islandora:sp_large_image_cmodel,imagined:collection,,,
imagined:208558,islandora:sp_large_image_cmodel,imagined:collection,,,
imagined:208539,islandora:sp_large_image_cmodel,imagined:collection,,,
imagined:208442,islandora:sp_basic_image,,,,
imagined:208295-p_043,islandora:pageCModel,imagined:208295,imagined:208295,49,
imagined:208787,islandora:sp_large_image_cmodel,imagined:cummins,,,
imagined:208593,islandora:sp_basic_image,,,,
imagined:209150,islandora:sp_large_image_cmodel,imagined:collection,,,
imagined:209091,islandora:sp_large_image_cmodel,imagined:collection,,,
imagined:208796,islandora:sp_large_image_cmodel,imagined:cummins,,,
imagined:208392,islandora:sp_large_image_cmodel,imagined:meachams,,,
imagined:208334,islandora:sp_large_image_cmodel,imagined:collection,,,
imagined:209002,islandora:sp_large_image_cmodel,imagined:collection,,,
imagined:209174,islandora:sp_large_image_cmodel,imagined:collection,,,
imagined:209047,islandora:sp_large_image_cmodel,imagined:collection,,,
imagined:209385,islandora:sp_large_image_cmodel,imagined:cummins,,,
imagined:209233,islandora:sp_large_image_cmodel,imagined:collection,,,
imagined:209184,islandora:sp_large_image_cmodel,imagined:collection,,,
imagined:209018,islandora:sp_large_image_cmodel,imagined:collection,,,
imagined:209143,islandora:sp_large_image_cmodel,imagined:collection,,,
imagined:208903,islandora:sp_large_image_cmodel,imagined:collection,,,
imagined:roebros,islandora:collectionCModel,imagined:collection,,,
imagined:208476,islandora:sp_large_image_cmodel,imagined:collection,,,
imagined:208890,islandora:sp_large_image_cmodel,imagined:collection,,,
imagined:209176,islandora:sp_large_image_cmodel,imagined:collection,,,
imagined:208853,islandora:sp_large_image_cmodel,imagined:collection,,,
imagined:208769,islandora:sp_large_image_cmodel,imagined:cummins,,,
imagined:209199,islandora:sp_large_image_cmodel,imagined:collection,,,
imagined:209232,islandora:sp_large_image_cmodel,imagined:collection,,,
imagined:209375,islandora:sp_large_image_cmodel,imagined:cummins,,,
imagined:208628,islandora:sp_large_image_cmodel,imagined:4458_collection,,,
imagined:208295-p_005,islandora:pageCModel,imagined:208295,imagined:208295,11,
imagined:209250,islandora:sp_large_image_cmodel,imagined:collection,,,
imagined:208840,islandora:sp_large_image_cmodel,imagined:cummins,,,
imagined:208366,islandora:sp_large_image_cmodel,imagined:meachams,,,
imagined:208413,islandora:sp_large_image_cmodel,imagined:meachams,,,
imagined:208295-p_058,islandora:pageCModel,imagined:208295,imagined:208295,64,
imagined:208623,islandora:sp_large_image_cmodel,imagined:4458_collection,,,
imagined:208295-p_003,islandora:pageCModel,imagined:208295,imagined:208295,9,
imagined:209273,islandora:sp_large_image_cmodel,imagined:collection,,,
imagined:208296-p_056,islandora:pageCModel,imagined:208296,imagined:208296,62,
imagined:209118,islandora:sp_large_image_cmodel,imagined:collection,,,
imagined:209036,islandora:sp_large_image_cmodel,imagined:collection,,,
imagined:208296-z_007,islandora:pageCModel,imagined:208296,imagined:208296,108,
imagined:208296-p_019,islandora:pageCModel,imagined:208296,imagined:208296,25,
imagined:209117,islandora:sp_large_image_cmodel,imagined:collection,,,
imagined:209122,islandora:sp_large_image_cmodel,imagined:collection,,,
imagined:209146,islandora:sp_large_image_cmodel,imagined:collection,,,
imagined:208493,islandora:sp_large_image_cmodel,imagined:collection,,,
imagined:208298,islandora:sp_large_image_cmodel,imagined:collection,,,
imagined:208555,islandora:sp_large_image_cmodel,imagined:collection,,,
imagined:208502,islandora:sp_large_image_cmodel,imagined:collection,,,
imagined:208295-z_006,islandora:pageCModel,imagined:208295,imagined:208295,105,
imagined:208534,islandora:sp_large_image_cmodel,imagined:collection,,,
imagined:208721,islandora:sp_large_image_cmodel,imagined:roebros,,,
imagined:208540,islandora:sp_large_image_cmodel,imagined:collection,,,
imagined:208839,islandora:sp_large_image_cmodel,imagined:cummins,,,
imagined:15,islandora:sp_large_image_cmodel,imagined:collection,,,
imagined:209285,islandora:sp_large_image_cmodel,imagined:collection,,,
imagined:209159,islandora:sp_large_image_cmodel,imagined:collection,,,
imagined:209261,islandora:sp_large_image_cmodel,imagined:collection,,,
imagined:208563,islandora:sp_large_image_cmodel,imagined:collection,,,
imagined:209398,islandora:sp_large_image_cmodel,imagined:cummins,,,
imagined:208304,islandora:sp_large_image_cmodel,imagined:collection,,,
imagined:209418,islandora:sp_large_image_cmodel,imagined:cummins,,,
imagined:208433,islandora:sp_basic_image,,,,
imagined:208599,islandora:sp_large_image_cmodel,imagined:collection,,,
imagined:208295-p_023,islandora:pageCModel,imagined:208295,imagined:208295,29,
imagined:208332,islandora:sp_large_image_cmodel,imagined:collection,,,
imagined:209195,islandora:sp_large_image_cmodel,imagined:collection,,,
imagined:208296-p_050,islandora:pageCModel,imagined:208296,imagined:208296,56,
imagined:208295-p_086,islandora:pageCModel,imagined:208295,imagined:208295,92,
imagined:208778,islandora:sp_large_image_cmodel,imagined:cummins,,,
imagined:208774,islandora:sp_large_image_cmodel,imagined:cummins,,,
imagined:208295-p_087,islandora:pageCModel,imagined:208295,imagined:208295,93,
imagined:208624,islandora:sp_large_image_cmodel,imagined:4458_collection,,,
imagined:209373,islandora:sp_large_image_cmodel,imagined:cummins,,,
imagined:208701,islandora:sp_large_image_cmodel,imagined:collection,,,
imagined:7,islandora:sp_large_image_cmodel,imagined:collection,,,
imagined:208693,islandora:sp_large_image_cmodel,imagined:collection,,,
imagined:208295-p_055,islandora:pageCModel,imagined:208295,imagined:208295,61,
imagined:209223,islandora:sp_large_image_cmodel,imagined:collection,,,
imagined:208295-p_019,islandora:pageCModel,imagined:208295,imagined:208295,25,
imagined:208961,islandora:sp_large_image_cmodel,imagined:meachams,,,
imagined:208295-p_037,islandora:pageCModel,imagined:208295,imagined:208295,43,
imagined:208820,islandora:sp_large_image_cmodel,imagined:cummins,,,
imagined:208812,islandora:sp_large_image_cmodel,imagined:cummins,,,
imagined:208864,islandora:sp_large_image_cmodel,imagined:collection,,,
imagined:209205,islandora:sp_large_image_cmodel,imagined:collection,,,
imagined:208394,islandora:sp_large_image_cmodel,imagined:meachams,,,
imagined:208296-p_092,islandora:pageCModel,imagined:208296,imagined:208296,98,
imagined:208695,islandora:sp_large_image_cmodel,imagined:collection,,,
imagined:209363,islandora:sp_large_image_cmodel,imagined:cummins,,,
imagined:209202,islandora:sp_large_image_cmodel,imagined:collection,,,
imagined:208581,islandora:sp_basic_image,,,,
imagined:209006,islandora:sp_large_image_cmodel,imagined:collection,,,
imagined:208681,islandora:sp_large_image_cmodel,imagined:collection,,,
imagined:209001,islandora:sp_large_image_cmodel,imagined:collection,,,
imagined:209399,islandora:sp_large_image_cmodel,imagined:cummins,,,
imagined:209063,islandora:sp_large_image_cmodel,imagined:collection,,,
imagined:208296-z_009,islandora:pageCModel,imagined:208296,imagined:208296,110,
imagined:208574,islandora:sp_large_image_cmodel,imagined:collection,,,
imagined:208296-p_077,islandora:pageCModel,imagined:208296,imagined:208296,83,
imagined:208355,islandora:sp_large_image_cmodel,imagined:collection,,,
imagined:209286,islandora:sp_large_image_cmodel,imagined:collection,,,
imagined:208966,islandora:sp_large_image_cmodel,imagined:meachams,,,
imagined:208295,islandora:bookCModel,imagined:collection,,,
imagined:209308,islandora:sp_basic_image,imagined:site-content,,,
imagined:208455,islandora:sp_large_image_cmodel,imagined:collection,,,
imagined:208296-f_003,islandora:pageCModel,imagined:208296,imagined:208296,4,
imagined:208295-p_026,islandora:pageCModel,imagined:208295,imagined:208295,32,
imagined:meachams,islandora:collectionCModel,imagined:collection,,,
imagined:208481,islandora:sp_large_image_cmodel,imagined:collection,,,
imagined:208617,islandora:sp_large_image_cmodel,imagined:4458_collection,,,
imagined:209425,islandora:sp_large_image_cmodel,imagined:cummins,,,
imagined:208786,islandora:sp_large_image_cmodel,imagined:cummins,,,
imagined:209015,islandora:sp_large_image_cmodel,imagined:collection,,,
imagined:208790,islandora:sp_basic_image,,,,
imagined:208626,islandora:sp_large_image_cmodel,imagined:4458_collection,,,
imagined:208295-p_052,islandora:pageCModel,imagined:208295,imagined:208295,58,
imagined:208526,islandora:sp_large_image_cmodel,imagined:collection,,,
imagined:209186,islandora:sp_large_image_cmodel,imagined:collection,,,
imagined:208295-p_038,islandora:pageCModel,imagined:208295,imagined:208295,44,
imagined:209242,islandora:sp_large_image_cmodel,imagined:collection,,,
imagined:208431,islandora:sp_large_image_cmodel,imagined:meachams,,,
imagined:208554,islandora:sp_large_image_cmodel,imagined:collection,,,
imagined:209383,islandora:sp_large_image_cmodel,imagined:cummins,,,
imagined:209038,islandora:sp_large_image_cmodel,imagined:collection,,,
imagined:209295,islandora:sp_large_image_cmodel,imagined:cummins,,,
imagined:208470,islandora:sp_large_image_cmodel,imagined:collection,,,
imagined:208702,islandora:sp_large_image_cmodel,imagined:collection,,,
imagined:208296-z_003,islandora:pageCModel,imagined:208296,imagined:208296,104,
imagined:209417,islandora:sp_large_image_cmodel,imagined:cummins,,,
imagined:208302,islandora:sp_large_image_cmodel,imagined:collection,,,
imagined:208585,islandora:sp_basic_image,,,,
imagined:208296-p_021,islandora:pageCModel,imagined:208296,imagined:208296,27,
imagined:209321,islandora:sp_pdf,imagined:pdfs,,,
imagined:208337,islandora:sp_large_image_cmodel,imagined:collection,,,
imagined:208352,islandora:sp_basic_image,,,,
imagined:209306,islandora:sp_basic_image,imagined:site-content,,,
imagined:209283,islandora:sp_large_image_cmodel,imagined:collection,,,
imagined:208296-p_007,islandora:pageCModel,imagined:208296,imagined:208296,13,
imagined:209260,islandora:sp_large_image_cmodel,imagined:collection,,,
imagined:208296-p_017,islandora:pageCModel,imagined:208296,imagined:208296,23,
imagined:208426,islandora:sp_large_image_cmodel,imagined:meachams,,,
imagined:208378,islandora:sp_large_image_cmodel,imagined:meachams,,,
imagined:208670,islandora:sp_large_image_cmodel,imagined:collection,,,
imagined:209300,islandora:sp_large_image_cmodel,imagined:collection,,,
imagined:208296-p_093,islandora:pageCModel,imagined:208296,imagined:208296,99,
imagined:208489,islandora:sp_large_image_cmodel,imagined:collection,,,
imagined:209110,islandora:sp_large_image_cmodel,imagined:collection,,,
imagined:209119,islandora:sp_large_image_cmodel,imagined:collection,,,
imagined:209237,islandora:sp_large_image_cmodel,imagined:collection,,,
imagined:209389,islandora:sp_large_image_cmodel,imagined:cummins,,,
imagined:208460,islandora:sp_large_image_cmodel,imagined:collection,,,
imagined:208899,islandora:sp_large_image_cmodel,imagined:collection,,,
imagined:208348,islandora:sp_large_image_cmodel,imagined:collection,,,
imagined:208967,islandora:sp_large_image_cmodel,imagined:meachams,,,
imagined:208468,islandora:sp_large_image_cmodel,imagined:collection,,,
imagined:208607,islandora:sp_large_image_cmodel,imagined:4458_collection,,,
imagined:208992,islandora:sp_large_image_cmodel,imagined:collection,,,
imagined:208570,islandora:sp_large_image_cmodel,imagined:collection,,,
imagined:208295-p_070,islandora:pageCModel,imagined:208295,imagined:208295,76,
imagined:208396,islandora:sp_large_image_cmodel,imagined:meachams,,,
imagined:208296-p_012,islandora:pageCModel,imagined:208296,imagined:208296,18,
imagined:208885,islandora:sp_large_image_cmodel,imagined:collection,,,
imagined:209421,islandora:sp_large_image_cmodel,imagined:cummins,,,
imagined:208402,islandora:sp_large_image_cmodel,imagined:meachams,,,
imagined:208794,islandora:sp_large_image_cmodel,imagined:cummins,,,
imagined:209239,islandora:sp_large_image_cmodel,imagined:collection,,,
imagined:208930,islandora:sp_large_image_cmodel,imagined:collection,,,
imagined:208385,islandora:sp_large_image_cmodel,imagined:meachams,,,
imagined:208962,islandora:sp_large_image_cmodel,imagined:meachams,,,
imagined:209220,islandora:sp_large_image_cmodel,imagined:collection,,,
imagined:208739,islandora:sp_large_image_cmodel,imagined:roebros,,,
imagined:209158,islandora:sp_large_image_cmodel,imagined:collection,,,
imagined:208335,islandora:sp_large_image_cmodel,imagined:collection,,,
imagined:208876,islandora:sp_large_image_cmodel,imagined:collection,,,
imagined:209374,islandora:sp_large_image_cmodel,imagined:cummins,,,
imagined:209011,islandora:sp_large_image_cmodel,imagined:collection,,,
imagined:208655,islandora:sp_large_image_cmodel,imagined:4458_collection,,,
imagined:208296-p_088,islandora:pageCModel,imagined:208296,imagined:208296,94,
imagined:208737,islandora:sp_large_image_cmodel,imagined:roebros,,,
imagined:208795,islandora:sp_large_image_cmodel,imagined:cummins,,,
imagined:208758,islandora:sp_large_image_cmodel,imagined:cummins,,,
imagined:209213,islandora:sp_large_image_cmodel,imagined:collection,,,
imagined:208809,islandora:sp_large_image_cmodel,imagined:cummins,,,
imagined:208317,islandora:sp_large_image_cmodel,imagined:collection,,,
imagined:208612,islandora:sp_large_image_cmodel,imagined:4458_collection,,,
imagined:208333,islandora:sp_large_image_cmodel,imagined:collection,,,
imagined:208360,islandora:sp_large_image_cmodel,imagined:collection,,,
imagined:209244,islandora:sp_large_image_cmodel,imagined:collection,,,
imagined:208907,islandora:sp_large_image_cmodel,imagined:collection,,,
imagined:208376,islandora:sp_large_image_cmodel,imagined:meachams,,,
imagined:208964,islandora:sp_large_image_cmodel,imagined:meachams,,,
imagined:208575,islandora:sp_large_image_cmodel,imagined:collection,,,
imagined:209282,islandora:sp_large_image_cmodel,imagined:collection,,,
imagined:208921,islandora:sp_large_image_cmodel,imagined:collection,,,
imagined:209287,islandora:sp_large_image_cmodel,imagined:collection,,,
imagined:208296-p_016,islandora:pageCModel,imagined:208296,imagined:208296,22,
imagined:209203,islandora:sp_large_image_cmodel,imagined:collection,,,
imagined:208295-p_084,islandora:pageCModel,imagined:208295,imagined:208295,90,
imagined:208590,islandora:sp_basic_image,,,,
imagined:208441,islandora:sp_basic_image,,,,
imagined:208362,islandora:sp_large_image_cmodel,imagined:collection,,,
imagined:208547,islandora:sp_large_image_cmodel,imagined:collection,,,
imagined:208586,islandora:sp_basic_image,,,,
imagined:209379,islandora:sp_large_image_cmodel,imagined:cummins,,,
imagined:208295-p_076,islandora:pageCModel,imagined:208295,imagined:208295,82,
imagined:208296-p_052,islandora:pageCModel,imagined:208296,imagined:208296,58,
imagined:208601,islandora:sp_large_image_cmodel,imagined:4458_collection,,,
imagined:208541,islandora:sp_large_image_cmodel,imagined:collection,,,
imagined:208879,islandora:sp_large_image_cmodel,imagined:collection,,,
imagined:208296,islandora:bookCModel,imagined:collection,,,
imagined:208658,islandora:sp_large_image_cmodel,imagined:4458_collection,,,
imagined:208884,islandora:sp_large_image_cmodel,imagined:collection,,,
imagined:11,islandora:sp_large_image_cmodel,imagined:collection,,,
imagined:208666,islandora:sp_large_image_cmodel,imagined:4458_collection,,,
imagined:208508,islandora:sp_large_image_cmodel,imagined:collection,,,
imagined:208295-p_077,islandora:pageCModel,imagined:208295,imagined:208295,83,
imagined:208295-p_045,islandora:pageCModel,imagined:208295,imagined:208295,51,
imagined:208296-p_084,islandora:pageCModel,imagined:208296,imagined:208296,90,
imagined:208295-p_028,islandora:pageCModel,imagined:208295,imagined:208295,34,
imagined:209211,islandora:sp_large_image_cmodel,imagined:collection,,,
imagined:208296-p_083,islandora:pageCModel,imagined:208296,imagined:208296,89,
imagined:208464,islandora:sp_large_image_cmodel,imagined:collection,,,
imagined:208296-z_012,islandora:pageCModel,imagined:208296,imagined:208296,113,
imagined:208846,islandora:sp_large_image_cmodel,imagined:collection,,,
imagined:209423,islandora:sp_large_image_cmodel,imagined:cummins,,,
imagined:209299,islandora:sp_large_image_cmodel,imagined:collection,,,
imagined:208763,islandora:sp_large_image_cmodel,imagined:cummins,,,
imagined:208484,islandora:sp_large_image_cmodel,imagined:collection,,,
imagined:208295-p_046,islandora:pageCModel,imagined:208295,imagined:208295,52,
imagined:208849,islandora:sp_large_image_cmodel,imagined:collection,,,
imagined:208807,islandora:sp_large_image_cmodel,imagined:cummins,,,
imagined:208850,islandora:sp_large_image_cmodel,imagined:collection,,,
imagined:208942,islandora:sp_large_image_cmodel,imagined:meachams,,,
imagined:209400,islandora:sp_large_image_cmodel,imagined:cummins,,,
imagined:208492,islandora:sp_large_image_cmodel,imagined:collection,,,
imagined:208295-p_001,islandora:pageCModel,imagined:208295,imagined:208295,7,
imagined:209257,islandora:sp_large_image_cmodel,imagined:collection,,,
imagined:208533,islandora:sp_large_image_cmodel,imagined:collection,,,
imagined:208296-p_064,islandora:pageCModel,imagined:208296,imagined:208296,70,
imagined:209248,islandora:sp_large_image_cmodel,imagined:collection,,,
imagined:208344,islandora:sp_large_image_cmodel,imagined:collection,,,
imagined:208797,islandora:sp_large_image_cmodel,imagined:cummins,,,
imagined:209035,islandora:sp_large_image_cmodel,imagined:collection,,,
imagined:209056,islandora:sp_large_image_cmodel,imagined:collection,,,
imagined:208580,islandora:sp_large_image_cmodel,imagined:collection,,,
imagined:209066,islandora:sp_large_image_cmodel,imagined:collection,,,
imagined:208406,islandora:sp_large_image_cmodel,imagined:meachams,,,
imagined:209101,islandora:sp_large_image_cmodel,imagined:collection,,,
imagined:208733,islandora:sp_large_image_cmodel,imagined:roebros,,,
imagined:208296-p_057,islandora:pageCModel,imagined:208296,imagined:208296,63,
imagined:208762,islandora:sp_large_image_cmodel,imagined:cummins,,,
imagined:208919,islandora:sp_large_image_cmodel,imagined:collection,,,
imagined:9,islandora:sp_large_image_cmodel,imagined:collection,,,
imagined:208959,islandora:sp_large_image_cmodel,imagined:meachams,,,
imagined:208891,islandora:sp_large_image_cmodel,imagined:collection,,,
imagined:209107,islandora:sp_large_image_cmodel,imagined:collection,,,
imagined:208461,islandora:sp_large_image_cmodel,imagined:collection,,,
imagined:209249,islandora:sp_large_image_cmodel,imagined:collection,,,
imagined:209058,islandora:sp_basic_image,,,,
imagined:208565,islandora:sp_large_image_cmodel,imagined:collection,,,
imagined:208814,islandora:sp_large_image_cmodel,imagined:cummins,,,
imagined:208436,islandora:sp_large_image_cmodel,imagined:meachams,,,
imagined:208798,islandora:sp_large_image_cmodel,imagined:cummins,,,
imagined:208295-p_074,islandora:pageCModel,imagined:208295,imagined:208295,80,
imagined:208399,islandora:sp_large_image_cmodel,imagined:meachams,,,
imagined:209109,islandora:sp_large_image_cmodel,imagined:collection,,,
imagined:208935,islandora:sp_large_image_cmodel,imagined:meachams,,,
imagined:208463,islandora:sp_large_image_cmodel,imagined:collection,,,
imagined:208328,islandora:sp_large_image_cmodel,imagined:collection,,,
imagined:208295-p_061,islandora:pageCModel,imagined:208295,imagined:208295,67,
imagined:208296-p_041,islandora:pageCModel,imagined:208296,imagined:208296,47,
imagined:208863,islandora:sp_large_image_cmodel,imagined:collection,,,
imagined:208605,islandora:sp_large_image_cmodel,imagined:4458_collection,,,
imagined:209171,islandora:sp_large_image_cmodel,imagined:collection,,,
imagined:208296-p_080,islandora:pageCModel,imagined:208296,imagined:208296,86,
imagined:209116,islandora:sp_large_image_cmodel,imagined:collection,,,
imagined:209040,islandora:sp_large_image_cmodel,imagined:collection,,,
imagined:209238,islandora:sp_large_image_cmodel,imagined:collection,,,
imagined:208984,islandora:sp_large_image_cmodel,imagined:meachams,,,
imagined:208495,islandora:sp_large_image_cmodel,imagined:collection,,,
imagined:208307,islandora:sp_large_image_cmodel,imagined:collection,,,
imagined:208714,islandora:sp_large_image_cmodel,imagined:roebros,,,
imagined:208662,islandora:sp_large_image_cmodel,imagined:4458_collection,,,
imagined:208327,islandora:sp_large_image_cmodel,imagined:collection,,,
imagined:208963,islandora:sp_large_image_cmodel,imagined:meachams,,,
imagined:208764,islandora:sp_large_image_cmodel,imagined:cummins,,,
imagined:208936,islandora:sp_large_image_cmodel,imagined:meachams,,,
imagined:208833,islandora:sp_large_image_cmodel,imagined:cummins,,,
imagined:208900,islandora:sp_large_image_cmodel,imagined:collection,,,
imagined:208498,islandora:sp_large_image_cmodel,imagined:collection,,,
imagined:209031,islandora:sp_large_image_cmodel,imagined:collection,,,
imagined:208295-p_054,islandora:pageCModel,imagined:208295,imagined:208295,60,
imagined:209135,islandora:sp_large_image_cmodel,imagined:collection,,,
imagined:208657,islandora:sp_large_image_cmodel,imagined:4458_collection,,,
imagined:208316,islandora:sp_large_image_cmodel,imagined:collection,,,
imagined:209003,islandora:sp_large_image_cmodel,imagined:collection,,,
imagined:209245,islandora:sp_large_image_cmodel,imagined:collection,,,
imagined:208804,islandora:sp_large_image_cmodel,imagined:cummins,,,
imagined:208825,islandora:sp_large_image_cmodel,imagined:cummins,,,
imagined:208604,islandora:sp_large_image_cmodel,imagined:4458_collection,,,
imagined:208393,islandora:sp_large_image_cmodel,imagined:meachams,,,
imagined:208785,islandora:sp_large_image_cmodel,imagined:cummins,,,
imagined:209098,islandora:sp_large_image_cmodel,imagined:collection,,,
imagined:208731,islandora:sp_large_image_cmodel,imagined:roebros,,,
imagined:208993,islandora:sp_large_image_cmodel,imagined:collection,,,
imagined:209307,islandora:sp_basic_image,imagined:site-content,,,
imagined:208295-f_002,islandora:pageCModel,imagined:208295,imagined:208295,3,
imagined:208306,islandora:sp_large_image_cmodel,imagined:collection,,,
imagined:208296-p_091,islandora:pageCModel,imagined:208296,imagined:208296,97,
imagined:208388,islandora:sp_large_image_cmodel,imagined:meachams,,,
imagined:208644,islandora:sp_large_image_cmodel,imagined:4458_collection,,,
imagined:208425,islandora:sp_large_image_cmodel,imagined:meachams,,,
imagined:209016,islandora:sp_large_image_cmodel,imagined:collection,,,
imagined:209041,islandora:sp_large_image_cmodel,imagined:collection,,,
imagined:208296-p_027,islandora:pageCModel,imagined:208296,imagined:208296,33,
imagined:209320,islandora:sp_pdf,imagined:pdfs,,,
imagined:map21,islandora:sp_large_image_cmodel,imagined:collection,,,
imagined:208704,islandora:sp_large_image_cmodel,imagined:collection,,,
imagined:208707,islandora:sp_large_image_cmodel,imagined:collection,,,
imagined:208653,islandora:sp_basic_image,,,,
imagined:208672,islandora:sp_large_image_cmodel,imagined:collection,,,
imagined:208296-p_087,islandora:pageCModel,imagined:208296,imagined:208296,93,
imagined:208633,islandora:sp_large_image_cmodel,imagined:4458_collection,,,
imagined:208438,islandora:sp_large_image_cmodel,imagined:meachams,,,
imagined:208296-p_078,islandora:pageCModel,imagined:208296,imagined:208296,84,
imagined:208296-p_048,islandora:pageCModel,imagined:208296,imagined:208296,54,
imagined:208323,islandora:sp_large_image_cmodel,imagined:collection,,,
imagined:209131,islandora:sp_large_image_cmodel,imagined:collection,,,
imagined:208324,islandora:sp_large_image_cmodel,imagined:collection,,,
imagined:208296-p_001,islandora:pageCModel,imagined:208296,imagined:208296,7,
imagined:209296,islandora:sp_large_image_cmodel,imagined:cummins,,,
imagined:209265,islandora:sp_large_image_cmodel,imagined:collection,,,
imagined:209048,islandora:sp_large_image_cmodel,imagined:collection,,,
imagined:208295-p_082,islandora:pageCModel,imagined:208295,imagined:208295,88,
imagined:208529,islandora:sp_large_image_cmodel,imagined:collection,,,
imagined:209019,islandora:sp_large_image_cmodel,imagined:collection,,,
imagined:209390,islandora:sp_large_image_cmodel,imagined:cummins,,,
imagined:209160,islandora:sp_large_image_cmodel,imagined:collection,,,
imagined:208501,islandora:sp_large_image_cmodel,imagined:collection,,,
imagined:209057,islandora:sp_large_image_cmodel,imagined:collection,,,
imagined:208295-z_002,islandora:pageCModel,imagined:208295,imagined:208295,101,
imagined:209106,islandora:sp_large_image_cmodel,imagined:collection,,,
imagined:208802,islandora:sp_large_image_cmodel,imagined:cummins,,,
imagined:208805,islandora:sp_large_image_cmodel,imagined:cummins,,,
imagined:208791,islandora:sp_large_image_cmodel,imagined:cummins,,,
imagined:209366,islandora:sp_large_image_cmodel,imagined:cummins,,,
imagined:208715,islandora:sp_large_image_cmodel,imagined:roebros,,,
imagined:208610,islandora:sp_large_image_cmodel,imagined:4458_collection,,,
imagined:208296-p_079,islandora:pageCModel,imagined:208296,imagined:208296,85,
imagined:208295-z_005,islandora:pageCModel,imagined:208295,imagined:208295,104,
imagined:209367,islandora:sp_large_image_cmodel,imagined:cummins,,,
imagined:208951,islandora:sp_large_image_cmodel,imagined:meachams,,,
imagined:208595,islandora:sp_basic_image,,,,
imagined:209382,islandora:sp_large_image_cmodel,imagined:cummins,,,
imagined:208911,islandora:sp_large_image_cmodel,imagined:collection,,,
imagined:208340,islandora:sp_large_image_cmodel,imagined:collection,,,
imagined:208598,islandora:sp_basic_image,,,,
imagined:8,islandora:sp_large_image_cmodel,imagined:collection,,,
imagined:208956,islandora:sp_large_image_cmodel,imagined:meachams,,,
imagined:208673,islandora:sp_large_image_cmodel,imagined:collection,,,
imagined:6,islandora:sp_large_image_cmodel,imagined:collection,,,
imagined:209266,islandora:sp_large_image_cmodel,imagined:collection,,,
imagined:209074,islandora:sp_large_image_cmodel,imagined:collection,,,
imagined:208295-p_049,islandora:pageCModel,imagined:208295,imagined:208295,55,
imagined:209062,islandora:sp_large_image_cmodel,imagined:collection,,,
imagined:208296-p_003,islandora:pageCModel,imagined:208296,imagined:208296,9,
imagined:209219,islandora:sp_large_image_cmodel,imagined:collection,,,
imagined:208295-p_047,islandora:pageCModel,imagined:208295,imagined:208295,53,
imagined:208641,islandora:sp_large_image_cmodel,imagined:4458_collection,,,
imagined:208910,islandora:sp_large_image_cmodel,imagined:collection,,,
imagined:208972,islandora:sp_large_image_cmodel,imagined:meachams,,,
imagined:208480,islandora:sp_large_image_cmodel,imagined:collection,,,
imagined:208780,islandora:sp_large_image_cmodel,imagined:cummins,,,
imagined:208296-z_015,islandora:pageCModel,imagined:208296,imagined:208296,116,
imagined:208395,islandora:sp_large_image_cmodel,imagined:meachams,,,
imagined:208696,islandora:sp_large_image_cmodel,imagined:collection,,,
imagined:208782,islandora:sp_large_image_cmodel,imagined:cummins,,,
imagined:208373,islandora:sp_basic_image,,,,
imagined:209037,islandora:sp_large_image_cmodel,imagined:collection,,,
imagined:208479,islandora:sp_large_image_cmodel,imagined:collection,,,
imagined:208579,islandora:sp_large_image_cmodel,imagined:collection,,,
imagined:209407,islandora:sp_large_image_cmodel,imagined:cummins,,,
imagined:208977,islandora:sp_large_image_cmodel,imagined:meachams,,,
imagined:209111,islandora:sp_large_image_cmodel,imagined:collection,,,
imagined:209166,islandora:sp_large_image_cmodel,imagined:collection,,,
imagined:208933,islandora:sp_basic_image,,,,
imagined:209391,islandora:sp_large_image_cmodel,imagined:cummins,,,
imagined:208592,islandora:sp_basic_image,,,,
imagined:208848,islandora:sp_large_image_cmodel,imagined:collection,,,
imagined:208427,islandora:sp_large_image_cmodel,imagined:meachams,,,
imagined:208716,islandora:sp_large_image_cmodel,imagined:roebros,,,
imagined:208458,islandora:sp_basic_image,,,,
imagined:208913,islandora:sp_large_image_cmodel,imagined:collection,,,
imagined:208667,islandora:sp_large_image_cmodel,imagined:4458_collection,,,
imagined:209125,islandora:sp_large_image_cmodel,imagined:collection,,,
imagined:209378,islandora:sp_large_image_cmodel,imagined:cummins,,,
imagined:208678,islandora:sp_large_image_cmodel,imagined:collection,,,
imagined:209204,islandora:sp_large_image_cmodel,imagined:collection,,,
imagined:208410,islandora:sp_large_image_cmodel,imagined:meachams,,,
imagined:208295-p_044,islandora:pageCModel,imagined:208295,imagined:208295,50,
imagined:208296-p_053,islandora:pageCModel,imagined:208296,imagined:208296,59,
imagined:208753,islandora:sp_large_image_cmodel,imagined:cummins,,,
imagined:208522,islandora:sp_large_image_cmodel,imagined:collection,,,
imagined:209241,islandora:sp_large_image_cmodel,imagined:collection,,,
imagined:209247,islandora:sp_large_image_cmodel,imagined:collection,,,
imagined:208934,islandora:sp_basic_image,,,,
imagined:208982,islandora:sp_large_image_cmodel,imagined:meachams,,,
imagined:208689,islandora:sp_large_image_cmodel,imagined:collection,,,
imagined:paro-0706,islandora:sp_large_image_cmodel,imagined:collection,,,
imagined:208474,islandora:sp_large_image_cmodel,imagined:collection,,,
imagined:208437,islandora:sp_large_image_cmodel,imagined:meachams,,,
imagined:209065,islandora:sp_large_image_cmodel,imagined:collection,,,
imagined:208940,islandora:sp_large_image_cmodel,imagined:meachams,,,
imagined:209422,islandora:sp_large_image_cmodel,imagined:cummins,,,
imagined:208767,islandora:sp_large_image_cmodel,imagined:cummins,,,
imagined:209263,islandora:sp_large_image_cmodel,imagined:collection,,,
imagined:208486,islandora:sp_large_image_cmodel,imagined:collection,,,
imagined:208295-p_069,islandora:pageCModel,imagined:208295,imagined:208295,75,
imagined:209365,islandora:sp_large_image_cmodel,imagined:cummins,,,
imagined:208703,islandora:sp_large_image_cmodel,imagined:collection,,,
imagined:208331,islandora:sp_large_image_cmodel,imagined:collection,,,
imagined:208421,islandora:sp_large_image_cmodel,imagined:meachams,,,
imagined:208788,islandora:sp_basic_image,,,,
imagined:208440,islandora:sp_large_image_cmodel,imagined:meachams,,,
imagined:208677,islandora:sp_large_image_cmodel,imagined:collection,,,
imagined:25,islandora:sp_large_image_cmodel,imagined:collection,,,
imagined:208296-z_014,islandora:pageCModel,imagined:208296,imagined:208296,115,
imagined:208391,islandora:sp_large_image_cmodel,imagined:meachams,,,
imagined:208815,islandora:sp_large_image_cmodel,imagined:cummins,,,
imagined:208803,islandora:sp_large_image_cmodel,imagined:cummins,,,
imagined:208637,islandora:sp_large_image_cmodel,imagined:4458_collection,,,
imagined:208329,islandora:sp_large_image_cmodel,imagined:collection,,,
imagined:208374,islandora:sp_large_image_cmodel,imagined:meachams,,,
imagined:208816,islandora:sp_large_image_cmodel,imagined:cummins,,,
imagined:208957,islandora:sp_large_image_cmodel,imagined:meachams,,,
imagined:208295-p_090,islandora:pageCModel,imagined:208295,imagined:208295,96,
imagined:208407,islandora:sp_large_image_cmodel,imagined:meachams,,,
imagined:208877,islandora:sp_large_image_cmodel,imagined:collection,,,
imagined:208357,islandora:sp_large_image_cmodel,imagined:collection,,,
imagined:208868,islandora:sp_large_image_cmodel,imagined:collection,,,
imagined:209226,islandora:sp_large_image_cmodel,imagined:collection,,,
imagined:208451,islandora:sp_large_image_cmodel,imagined:collection,,,
imagined:208343,islandora:sp_basic_image,,,,
imagined:208596,islandora:sp_basic_image,,,,
imagined:208520,islandora:sp_large_image_cmodel,imagined:collection,,,
imagined:208336,islandora:sp_large_image_cmodel,imagined:collection,,,
imagined:208584,islandora:sp_basic_image,,,,
imagined:208296-f_004,islandora:pageCModel,imagined:208296,imagined:208296,5,
imagined:208567,islandora:sp_large_image_cmodel,imagined:collection,,,
imagined:208883,islandora:sp_large_image_cmodel,imagined:collection,,,
imagined:209145,islandora:sp_large_image_cmodel,imagined:collection,,,
imagined:208990,islandora:sp_large_image_cmodel,imagined:collection,,,
imagined:208359,islandora:sp_large_image_cmodel,imagined:collection,,,
imagined:209147,islandora:sp_large_image_cmodel,imagined:collection,,,
imagined:208404,islandora:sp_large_image_cmodel,imagined:meachams,,,
imagined:208918,islandora:sp_large_image_cmodel,imagined:collection,,,
imagined:208296-p_044,islandora:pageCModel,imagined:208296,imagined:208296,50,
imagined:208870,islandora:sp_large_image_cmodel,imagined:collection,,,
imagined:208754,islandora:sp_large_image_cmodel,imagined:cummins,,,
imagined:208550,islandora:sp_large_image_cmodel,imagined:collection,,,
imagined:208411,islandora:sp_large_image_cmodel,imagined:meachams,,,
imagined:209187,islandora:sp_large_image_cmodel,imagined:collection,,,
imagined:208654,islandora:sp_basic_image,,,,
imagined:208296-p_061,islandora:pageCModel,imagined:208296,imagined:208296,67,
imagined:209215,islandora:sp_large_image_cmodel,imagined:collection,,,
imagined:209311,islandora:sp_basic_image,imagined:site-content,,,
imagined:208505,islandora:sp_large_image_cmodel,imagined:collection,,,
imagined:208383,islandora:sp_large_image_cmodel,imagined:meachams,,,
imagined:208381,islandora:sp_large_image_cmodel,imagined:meachams,,,
imagined:208295-p_010,islandora:pageCModel,imagined:208295,imagined:208295,16,
imagined:209409,islandora:sp_large_image_cmodel,imagined:cummins,,,
imagined:208708,islandora:sp_large_image_cmodel,imagined:roebros,,,
imagined:208315,islandora:sp_large_image_cmodel,imagined:collection,,,
imagined:209004,islandora:sp_large_image_cmodel,imagined:collection,,,
imagined:208832,islandora:sp_large_image_cmodel,imagined:cummins,,,
imagined:208296-p_074,islandora:pageCModel,imagined:208296,imagined:208296,80,
imagined:208768,islandora:sp_large_image_cmodel,imagined:cummins,,,
imagined:208997,islandora:sp_large_image_cmodel,imagined:collection,,,
imagined:208295-p_072,islandora:pageCModel,imagined:208295,imagined:208295,78,
imagined:208409,islandora:sp_large_image_cmodel,imagined:meachams,,,
imagined:209269,islandora:sp_large_image_cmodel,imagined:collection,,,
imagined:13,islandora:sp_large_image_cmodel,imagined:collection,,,
imagined:208562,islandora:sp_large_image_cmodel,imagined:collection,,,
imagined:209022,islandora:sp_large_image_cmodel,imagined:collection,,,
imagined:208296-p_089,islandora:pageCModel,imagined:208296,imagined:208296,95,
imagined:208517,islandora:sp_large_image_cmodel,imagined:collection,,,
imagined:208296-p_034,islandora:pageCModel,imagined:208296,imagined:208296,40,
imagined:208861,islandora:sp_large_image_cmodel,imagined:collection,,,
imagined:208602,islandora:sp_large_image_cmodel,imagined:4458_collection,,,
imagined:208296-p_051,islandora:pageCModel,imagined:208296,imagined:208296,57,
imagined:209278,islandora:sp_large_image_cmodel,imagined:collection,,,
imagined:208295-z_003,islandora:pageCModel,imagined:208295,imagined:208295,102,
imagined:16,islandora:sp_large_image_cmodel,imagined:collection,,,
imagined:209405,islandora:sp_large_image_cmodel,imagined:cummins,,,
imagined:208640,islandora:sp_large_image_cmodel,imagined:4458_collection,,,
imagined:208295-p_032,islandora:pageCModel,imagined:208295,imagined:208295,38,
imagined:208665,islandora:sp_large_image_cmodel,imagined:4458_collection,,,
imagined:208611,islandora:sp_large_image_cmodel,imagined:4458_collection,,,
imagined:208954,islandora:sp_large_image_cmodel,imagined:meachams,,,
imagined:208837,islandora:sp_large_image_cmodel,imagined:cummins,,,
imagined:208621,islandora:sp_large_image_cmodel,imagined:4458_collection,,,
imagined:208986,islandora:sp_large_image_cmodel,imagined:meachams,,,
imagined:208418,islandora:sp_basic_image,,,,
imagined:209169,islandora:sp_large_image_cmodel,imagined:collection,,,
imagined:208295-p_008,islandora:pageCModel,imagined:208295,imagined:208295,14,
imagined:208296-p_094,islandora:pageCModel,imagined:208296,imagined:208296,100,
imagined:5,islandora:sp_large_image_cmodel,imagined:collection,,,
imagined:208295-z_004,islandora:pageCModel,imagined:208295,imagined:208295,103,
imagined:208652,islandora:sp_basic_image,,,,
imagined:208631,islandora:sp_large_image_cmodel,imagined:4458_collection,,,
imagined:208675,islandora:sp_large_image_cmodel,imagined:collection,,,
imagined:209161,islandora:sp_large_image_cmodel,imagined:collection,,,
imagined:208296-p_015,islandora:pageCModel,imagined:208296,imagined:208296,21,
imagined:208447,islandora:sp_large_image_cmodel,imagined:meachams,,,
imagined:208420,islandora:sp_large_image_cmodel,imagined:meachams,,,
imagined:209229,islandora:sp_large_image_cmodel,imagined:collection,,,
imagined:209397,islandora:sp_large_image_cmodel,imagined:cummins,,,
imagined:208525,islandora:sp_large_image_cmodel,imagined:collection,,,
imagined:pdfs,islandora:collectionCModel,imagined:collection,,,
imagined:209392,islandora:sp_large_image_cmodel,imagined:cummins,,,
imagined:208676,islandora:sp_large_image_cmodel,imagined:collection,,,
imagined:209115,islandora:sp_large_image_cmodel,imagined:collection,,,
imagined:208542,islandora:sp_large_image_cmodel,imagined:collection,,,
imagined:209192,islandora:sp_large_image_cmodel,imagined:collection,,,
imagined:208382,islandora:sp_large_image_cmodel,imagined:meachams,,,
imagined:209420,islandora:sp_large_image_cmodel,imagined:cummins,,,
imagined:209102,islandora:sp_large_image_cmodel,imagined:collection,,,
imagined:208994,islandora:sp_large_image_cmodel,imagined:collection,,,
imagined:208945,islandora:sp_large_image_cmodel,imagined:meachams,,,
imagined:208296-p_071,islandora:pageCModel,imagined:208296,imagined:208296,77,
imagined:208295-p_002,islandora:pageCModel,imagined:208295,imagined:208295,8,
imagined:208330,islandora:sp_large_image_cmodel,imagined:collection,,,
imagined:209165,islandora:sp_large_image_cmodel,imagined:collection,,,
imagined:208608,islandora:sp_large_image_cmodel,imagined:4458_collection,,,
imagined:208296-p_010,islandora:pageCModel,imagined:208296,imagined:208296,16,
imagined:4458_collection,islandora:collectionCModel,imagined:collection,,,
imagined:209270,islandora:sp_large_image_cmodel,imagined:collection,,,
imagined:209251,islandora:sp_large_image_cmodel,imagined:collection,,,
imagined:208793,islandora:sp_large_image_cmodel,imagined:cummins,,,
imagined:208296-p_090,islandora:pageCModel,imagined:208296,imagined:208296,96,
imagined:208669,islandora:sp_large_image_cmodel,imagined:collection,,,
imagined:209212,islandora:sp_large_image_cmodel,imagined:collection,,,
imagined:209027,islandora:sp_large_image_cmodel,imagined:collection,,,
imagined:208736,islandora:sp_large_image_cmodel,imagined:roebros,,,
imagined:209089,islandora:sp_large_image_cmodel,imagined:collection,,,
imagined:208295-p_056,islandora:pageCModel,imagined:208295,imagined:208295,62,
imagined:209177,islandora:sp_large_image_cmodel,imagined:collection,,,
imagined:208397,islandora:sp_large_image_cmodel,imagined:meachams,,,
imagined:208321,islandora:sp_large_image_cmodel,imagined:collection,,,
imagined:209105,islandora:sp_large_image_cmodel,imagined:collection,,,
imagined:208744,islandora:sp_large_image_cmodel,imagined:roebros,,,
imagined:209163,islandora:sp_large_image_cmodel,imagined:collection,,,
imagined:209064,islandora:sp_large_image_cmodel,imagined:collection,,,
imagined:208902,islandora:sp_large_image_cmodel,imagined:collection,,,
imagined:208296-p_004,islandora:pageCModel,imagined:208296,imagined:208296,10,
imagined:209274,islandora:sp_large_image_cmodel,imagined:collection,,,
imagined:208496,islandora:sp_large_image_cmodel,imagined:collection,,,
imagined:208296-p_055,islandora:pageCModel,imagined:208296,imagined:208296,61,
imagined:208429,islandora:sp_large_image_cmodel,imagined:meachams,,,
imagined:209180,islandora:sp_large_image_cmodel,imagined:collection,,,
imagined:209281,islandora:sp_large_image_cmodel,imagined:collection,,,
imagined:208499,islandora:sp_large_image_cmodel,imagined:collection,,,
imagined:208766,islandora:sp_large_image_cmodel,imagined:cummins,,,
imagined:208792,islandora:sp_large_image_cmodel,imagined:cummins,,,
imagined:208922,islandora:sp_large_image_cmodel,imagined:collection,,,
imagined:208872,islandora:sp_large_image_cmodel,imagined:collection,,,
imagined:209020,islandora:sp_large_image_cmodel,imagined:collection,,,
imagined:208296-p_040,islandora:pageCModel,imagined:208296,imagined:208296,46,
imagined:209228,islandora:sp_large_image_cmodel,imagined:collection,,,
imagined:209024,islandora:sp_large_image_cmodel,imagined:collection,,,
imagined:208923,islandora:sp_large_image_cmodel,imagined:collection,,,
imagined:208756,islandora:sp_large_image_cmodel,imagined:cummins,,,
imagined:208878,islandora:sp_large_image_cmodel,imagined:collection,,,
imagined:209108,islandora:sp_large_image_cmodel,imagined:collection,,,
imagined:208928,islandora:sp_large_image_cmodel,imagined:collection,,,
imagined:208909,islandora:sp_large_image_cmodel,imagined:collection,,,
imagined:collection,islandora:collectionCModel,islandora:top,,,
imagined:208857,islandora:sp_large_image_cmodel,imagined:collection,,,
imagined:208939,islandora:sp_large_image_cmodel,imagined:meachams,,,
imagined:209209,islandora:sp_large_image_cmodel,imagined:collection,,,
imagined:208724,islandora:sp_large_image_cmodel,imagined:roebros,,,
imagined:208985,islandora:sp_large_image_cmodel,imagined:meachams,,,
imagined:209411,islandora:sp_large_image_cmodel,imagined:cummins,,,
imagined:208521,islandora:sp_large_image_cmodel,imagined:collection,,,
imagined:208296-p_075,islandora:pageCModel,imagined:208296,imagined:208296,81,
imagined:209386,islandora:sp_large_image_cmodel,imagined:cummins,,,
imagined:208295-p_088,islandora:pageCModel,imagined:208295,imagined:208295,94,
imagined:208535,islandora:sp_large_image_cmodel,imagined:collection,,,
imagined:208296-z_002,islandora:pageCModel,imagined:208296,imagined:208296,103,
imagined:208448,islandora:sp_large_image_cmodel,imagined:meachams,,,
imagined:208416,islandora:sp_large_image_cmodel,imagined:meachams,,,
imagined:208588,islandora:sp_basic_image,,,,
imagined:208743,islandora:sp_large_image_cmodel,imagined:roebros,,,
imagined:208960,islandora:sp_large_image_cmodel,imagined:meachams,,,
imagined:209123,islandora:sp_large_image_cmodel,imagined:collection,,,
imagined:209153,islandora:sp_large_image_cmodel,imagined:collection,,,
imagined:208296-p_022,islandora:pageCModel,imagined:208296,imagined:208296,28,
imagined:209370,islandora:sp_large_image_cmodel,imagined:cummins,,,
imagined:208296-p_045,islandora:pageCModel,imagined:208296,imagined:208296,51,
imagined:209097,islandora:sp_large_image_cmodel,imagined:collection,,,
imagined:208296-p_062,islandora:pageCModel,imagined:208296,imagined:208296,68,
imagined:208514,islandora:sp_large_image_cmodel,imagined:collection,,,
imagined:208606,islandora:sp_large_image_cmodel,imagined:4458_collection,,,
imagined:209168,islandora:sp_large_image_cmodel,imagined:collection,,,
imagined:209188,islandora:sp_large_image_cmodel,imagined:collection,,,
imagined:208516,islandora:sp_large_image_cmodel,imagined:collection,,,
imagined:209189,islandora:sp_large_image_cmodel,imagined:collection,,,
imagined:208295-p_042,islandora:pageCModel,imagined:208295,imagined:208295,48,
imagined:209191,islandora:sp_large_image_cmodel,imagined:collection,,,
imagined:208600,islandora:sp_large_image_cmodel,imagined:4458_collection,,,
imagined:208389,islandora:sp_large_image_cmodel,imagined:meachams,,,
imagined:208296-p_013,islandora:pageCModel,imagined:208296,imagined:208296,19,
imagined:208860,islandora:sp_large_image_cmodel,imagined:collection,,,
imagined:208944,islandora:sp_large_image_cmodel,imagined:meachams,,,
imagined:208830,islandora:sp_large_image_cmodel,imagined:cummins,,,
imagined:208296-p_018,islandora:pageCModel,imagined:208296,imagined:208296,24,
imagined:208295-p_016,islandora:pageCModel,imagined:208295,imagined:208295,22,
imagined:208295-p_075,islandora:pageCModel,imagined:208295,imagined:208295,81,
imagined:209138,islandora:sp_large_image_cmodel,imagined:collection,,,
imagined:209148,islandora:sp_large_image_cmodel,imagined:collection,,,
imagined:208295-p_022,islandora:pageCModel,imagined:208295,imagined:208295,28,
imagined:208679,islandora:sp_large_image_cmodel,imagined:collection,,,
imagined:208538,islandora:sp_large_image_cmodel,imagined:collection,,,
imagined:209034,islandora:sp_large_image_cmodel,imagined:collection,,,
imagined:208953,islandora:sp_large_image_cmodel,imagined:meachams,,,
imagined:208466,islandora:sp_large_image_cmodel,imagined:collection,,,
imagined:209377,islandora:sp_large_image_cmodel,imagined:cummins,,,
imagined:208469,islandora:sp_large_image_cmodel,imagined:collection,,,
imagined:208524,islandora:sp_large_image_cmodel,imagined:collection,,,
imagined:208740,islandora:sp_large_image_cmodel,imagined:roebros,,,
imagined:208712,islandora:sp_large_image_cmodel,imagined:roebros,,,
imagined:208927,islandora:sp_large_image_cmodel,imagined:collection,,,
imagined:209369,islandora:sp_large_image_cmodel,imagined:cummins,,,
imagined:208671,islandora:sp_large_image_cmodel,imagined:collection,,,
imagined:208295-p_036,islandora:pageCModel,imagined:208295,imagined:208295,42,
imagined:208844,islandora:sp_large_image_cmodel,imagined:cummins,,,
imagined:208361,islandora:sp_large_image_cmodel,imagined:collection,,,
imagined:209368,islandora:sp_large_image_cmodel,imagined:cummins,,,
imagined:209046,islandora:sp_large_image_cmodel,imagined:collection,,,
imagined:209230,islandora:sp_large_image_cmodel,imagined:collection,,,
imagined:209284,islandora:sp_large_image_cmodel,imagined:collection,,,
imagined:20,islandora:sp_large_image_cmodel,imagined:meachams,,,
imagined:209313,islandora:sp_large_image_cmodel,imagined:collection,,,
imagined:208435,islandora:sp_large_image_cmodel,imagined:meachams,,,
imagined:209362,islandora:sp_large_image_cmodel,imagined:cummins,,,
imagined:208390,islandora:sp_large_image_cmodel,imagined:meachams,,,
imagined:208781,islandora:sp_large_image_cmodel,imagined:cummins,,,
imagined:208867,islandora:sp_large_image_cmodel,imagined:collection,,,
imagined:208295-p_063,islandora:pageCModel,imagined:208295,imagined:208295,69,
imagined:208320,islandora:sp_large_image_cmodel,imagined:collection,,,
imagined:10,islandora:sp_large_image_cmodel,imagined:collection,,,
imagined:208537,islandora:sp_large_image_cmodel,imagined:collection,,,
imagined:208424,islandora:sp_basic_image,,,,
imagined:209134,islandora:sp_large_image_cmodel,imagined:collection,,,
imagined:209416,islandora:sp_large_image_cmodel,imagined:cummins,,,
imagined:208645,islandora:sp_large_image_cmodel,imagined:4458_collection,,,
imagined:208560,islandora:sp_large_image_cmodel,imagined:collection,,,
imagined:209376,islandora:sp_large_image_cmodel,imagined:cummins,,,
imagined:208295-p_025,islandora:pageCModel,imagined:208295,imagined:208295,31,
imagined:208536,islandora:sp_large_image_cmodel,imagined:collection,,,
imagined:208432,islandora:sp_large_image_cmodel,imagined:meachams,,,
imagined:208296-p_026,islandora:pageCModel,imagined:208296,imagined:208296,32,
imagined:208296-p_058,islandora:pageCModel,imagined:208296,imagined:208296,64,
imagined:208296-p_038,islandora:pageCModel,imagined:208296,imagined:208296,44,
imagined:208755,islandora:sp_large_image_cmodel,imagined:cummins,,,
imagined:208377,islandora:sp_large_image_cmodel,imagined:meachams,,,
imagined:209067,islandora:sp_large_image_cmodel,imagined:collection,,,
imagined:208296-p_073,islandora:pageCModel,imagined:208296,imagined:208296,79,
imagined:209275,islandora:sp_large_image_cmodel,imagined:collection,,,
imagined:208295-p_031,islandora:pageCModel,imagined:208295,imagined:208295,37,
imagined:209113,islandora:sp_large_image_cmodel,imagined:collection,,,
imagined:208789,islandora:sp_basic_image,,,,
imagined:208855,islandora:sp_large_image_cmodel,imagined:collection,,,
imagined:208295-p_093,islandora:pageCModel,imagined:208295,imagined:208295,99,
imagined:32,islandora:sp_large_image_cmodel,imagined:collection,,,
imagined:208999,islandora:sp_large_image_cmodel,imagined:collection,,,
imagined:208295-p_020,islandora:pageCModel,imagined:208295,imagined:208295,26,
imagined:208295-p_083,islandora:pageCModel,imagined:208295,imagined:208295,89,
imagined:208699,islandora:sp_large_image_cmodel,imagined:collection,,,
imagined:208948,islandora:sp_large_image_cmodel,imagined:meachams,,,
imagined:209426,islandora:sp_large_image_cmodel,imagined:cummins,,,
imagined:208319,islandora:sp_large_image_cmodel,imagined:collection,,,
imagined:208528,islandora:sp_large_image_cmodel,imagined:collection,,,
imagined:208728,islandora:sp_large_image_cmodel,imagined:roebros,,,
imagined:209132,islandora:sp_large_image_cmodel,imagined:collection,,,
imagined:208770,islandora:sp_large_image_cmodel,imagined:cummins,,,
imagined:208296-p_063,islandora:pageCModel,imagined:208296,imagined:208296,69,
imagined:208622,islandora:sp_large_image_cmodel,imagined:4458_collection,,,
imagined:209264,islandora:sp_large_image_cmodel,imagined:collection,,,
imagined:208296-p_076,islandora:pageCModel,imagined:208296,imagined:208296,82,
imagined:208512,islandora:sp_large_image_cmodel,imagined:collection,,,
imagined:208295-p_029,islandora:pageCModel,imagined:208295,imagined:208295,35,
imagined:209415,islandora:sp_large_image_cmodel,imagined:cummins,,,
imagined:208296-p_081,islandora:pageCModel,imagined:208296,imagined:208296,87,
imagined:208295-p_014,islandora:pageCModel,imagined:208295,imagined:208295,20,
imagined:209093,islandora:sp_large_image_cmodel,imagined:collection,,,
imagined:208487,islandora:sp_large_image_cmodel,imagined:collection,,,
imagined:209173,islandora:sp_large_image_cmodel,imagined:collection,,,
imagined:208300,islandora:sp_basic_image,,,,
imagined:208568,islandora:sp_large_image_cmodel,imagined:collection,,,
imagined:208717,islandora:sp_large_image_cmodel,imagined:roebros,,,
imagined:208295-p_048,islandora:pageCModel,imagined:208295,imagined:208295,54,
imagined:208295-f_000,islandora:pageCModel,imagined:208295,imagined:208295,1,
imagined:208530,islandora:sp_large_image_cmodel,imagined:collection,,,
imagined:208989,islandora:sp_large_image_cmodel,imagined:meachams,,,
imagined:208727,islandora:sp_large_image_cmodel,imagined:roebros,,,
imagined:208412,islandora:sp_large_image_cmodel,imagined:meachams,,,
imagined:208296-p_030,islandora:pageCModel,imagined:208296,imagined:208296,36,
imagined:209073,islandora:sp_large_image_cmodel,imagined:collection,,,
imagined:209414,islandora:sp_large_image_cmodel,imagined:cummins,,,
imagined:208450,islandora:sp_large_image_cmodel,imagined:collection,,,
imagined:209061,islandora:sp_large_image_cmodel,imagined:collection,,,
imagined:208295-p_068,islandora:pageCModel,imagined:208295,imagined:208295,74,
imagined:208603,islandora:sp_large_image_cmodel,imagined:4458_collection,,,
imagined:208295-p_007,islandora:pageCModel,imagined:208295,imagined:208295,13,
imagined:209112,islandora:sp_large_image_cmodel,imagined:collection,,,
imagined:208799,islandora:sp_large_image_cmodel,imagined:cummins,,,
imagined:209120,islandora:sp_large_image_cmodel,imagined:collection,,,
imagined:208834,islandora:sp_large_image_cmodel,imagined:cummins,,,
imagined:208296-p_008,islandora:pageCModel,imagined:208296,imagined:208296,14,
imagined:208869,islandora:sp_large_image_cmodel,imagined:collection,,,
imagined:209267,islandora:sp_large_image_cmodel,imagined:collection,,,
imagined:209404,islandora:sp_large_image_cmodel,imagined:cummins,,,
imagined:208296-z_008,islandora:pageCModel,imagined:208296,imagined:208296,109,
imagined:208364,islandora:sp_large_image_cmodel,imagined:meachams,,,
imagined:208356,islandora:sp_large_image_cmodel,imagined:collection,,,
imagined:209070,islandora:sp_large_image_cmodel,imagined:collection,,,
imagined:208370,islandora:sp_basic_image,,,,
imagined:208400,islandora:sp_large_image_cmodel,imagined:meachams,,,
imagined:208503,islandora:sp_large_image_cmodel,imagined:collection,,,
imagined:208924,islandora:sp_large_image_cmodel,imagined:collection,,,
imagined:208296-p_024,islandora:pageCModel,imagined:208296,imagined:208296,30,
imagined:209071,islandora:sp_basic_image,,,,
imagined:208296-z_004,islandora:pageCModel,imagined:208296,imagined:208296,105,
imagined:209401,islandora:sp_large_image_cmodel,imagined:cummins,,,
imagined:209268,islandora:sp_large_image_cmodel,imagined:collection,,,
imagined:208912,islandora:sp_large_image_cmodel,imagined:collection,,,
imagined:208908,islandora:sp_large_image_cmodel,imagined:collection,,,
imagined:209208,islandora:sp_large_image_cmodel,imagined:collection,,,
imagined:208296-z_006,islandora:pageCModel,imagined:208296,imagined:208296,107,
imagined:208295-p_015,islandora:pageCModel,imagined:208295,imagined:208295,21,
imagined:209178,islandora:sp_large_image_cmodel,imagined:collection,,,
imagined:209152,islandora:sp_large_image_cmodel,imagined:collection,,,
imagined:209017,islandora:sp_large_image_cmodel,imagined:collection,,,
imagined:208296-p_023,islandora:pageCModel,imagined:208296,imagined:208296,29,
imagined:208295-p_059,islandora:pageCModel,imagined:208295,imagined:208295,65,
imagined:208312,islandora:sp_large_image_cmodel,imagined:collection,,,
imagined:208430,islandora:sp_large_image_cmodel,imagined:meachams,,,
imagined:208915,islandora:sp_large_image_cmodel,imagined:collection,,,
imagined:208296-p_011,islandora:pageCModel,imagined:208296,imagined:208296,17,
imagined:209162,islandora:sp_large_image_cmodel,imagined:collection,,,
imagined:209033,islandora:sp_large_image_cmodel,imagined:collection,,,
imagined:208549,islandora:sp_large_image_cmodel,imagined:collection,,,
imagined:209032,islandora:sp_large_image_cmodel,imagined:collection,,,
imagined:208875,islandora:sp_large_image_cmodel,imagined:collection,,,
imagined:208295-p_060,islandora:pageCModel,imagined:208295,imagined:208295,66,
imagined:208668,islandora:sp_large_image_cmodel,imagined:4458_collection,,,
imagined:208296-z_013,islandora:pageCModel,imagined:208296,imagined:208296,114,
imagined:209364,islandora:sp_large_image_cmodel,imagined:cummins,,,
imagined:209272,islandora:sp_large_image_cmodel,imagined:collection,,,
imagined:209167,islandora:sp_large_image_cmodel,imagined:collection,,,
imagined:208709,islandora:sp_large_image_cmodel,imagined:roebros,,,
imagined:208368,islandora:sp_large_image_cmodel,imagined:meachams,,,
imagined:208821,islandora:sp_large_image_cmodel,imagined:cummins,,,
imagined:208296-p_082,islandora:pageCModel,imagined:208296,imagined:208296,88,
imagined:208296-p_070,islandora:pageCModel,imagined:208296,imagined:208296,76,
imagined:208295-p_039,islandora:pageCModel,imagined:208295,imagined:208295,45,
imagined:208571,islandora:sp_large_image_cmodel,imagined:collection,,,
imagined:209025,islandora:sp_large_image_cmodel,imagined:collection,,,
imagined:209277,islandora:sp_large_image_cmodel,imagined:collection,,,
imagined:208295-p_062,islandora:pageCModel,imagined:208295,imagined:208295,68,
imagined:208551,islandora:sp_large_image_cmodel,imagined:collection,,,
imagined:208862,islandora:sp_large_image_cmodel,imagined:collection,,,
imagined:208296-p_029,islandora:pageCModel,imagined:208296,imagined:208296,35,
imagined:208950,islandora:sp_large_image_cmodel,imagined:meachams,,,
imagined:208491,islandora:sp_large_image_cmodel,imagined:collection,,,
imagined:208527,islandora:sp_large_image_cmodel,imagined:collection,,,
imagined:209301,islandora:sp_large_image_cmodel,imagined:collection,,,
imagined:209096,islandora:sp_large_image_cmodel,imagined:collection,,,
imagined:208295-p_064,islandora:pageCModel,imagined:208295,imagined:208295,70,
imagined:208415,islandora:sp_large_image_cmodel,imagined:meachams,,,
imagined:208618,islandora:sp_large_image_cmodel,imagined:4458_collection,,,
imagined:209154,islandora:sp_large_image_cmodel,imagined:collection,,,
imagined:208811,islandora:sp_large_image_cmodel,imagined:cummins,,,
imagined:208363,islandora:sp_large_image_cmodel,imagined:meachams,,,
imagined:208296-p_068,islandora:pageCModel,imagined:208296,imagined:208296,74,
imagined:209280,islandora:sp_large_image_cmodel,imagined:collection,,,
imagined:208615,islandora:sp_large_image_cmodel,imagined:4458_collection,,,